CHROM	POS	REF	ALT	VEP_ensembl_Gene_ID	VEP_ensembl_Consequence	CADD_phred
22	17327173	T	TA	ENSG00000231004	upstream_gene_variant	0.340
22	17327173	TA	T	ENSG00000231004	upstream_gene_variant	7.010
22	17327173	TAA	T	ENSG00000231004	upstream_gene_variant	6.877
22	17547728	A	AT	ENSG00000099954	intron_variant	0.297
22	17547728	A	AT	ENSG00000099954	upstream_gene_variant	0.297
22	17841159	A	AC	ENSG00000243156	intron_variant	0.890
22	17841159	A	AC	ENSG00000243156	downstream_gene_variant	0.890
22	17841159	A	AC	ENSG00000243156	non_coding_transcript_exon_variant,non_coding_transcript_variant	0.890
22	17841159	A	AC	ENSG00000243156	3_prime_UTR_variant,NMD_transcript_variant	0.890
22	17841159	A	AC	ENSG00000243156	3_prime_UTR_variant	0.890
22	17866643	TAGA	T	ENSG00000243156	intron_variant	5.036
22	17866643	TAGA	T	ENSG00000243156	intron_variant,non_coding_transcript_variant	5.036
22	17866643	TAGA	T	ENSG00000243156	intron_variant,NMD_transcript_variant	5.036
22	19575636	AG	A	.	intergenic_variant	13.43
22	19612665	CGTGT	C	.	intergenic_variant	0.967
22	19689606	AC	A	.	intergenic_variant	1.310
22	19766325	AT	A	ENSG00000184058	intron_variant	0.402
22	19766325	AT	A	ENSG00000184058	downstream_gene_variant	0.402
22	19766325	AT	A	ENSG00000184058	non_coding_transcript_exon_variant,non_coding_transcript_variant	0.402
22	20633365	T	TGGCCCC	ENSG00000223553	intron_variant,non_coding_transcript_variant	0.589
22	20633365	T	TGGCCCC	ENSG00000223553	downstream_gene_variant	0.589
22	20633365	T	TGGCCCC	ENSG00000276427	downstream_gene_variant	0.589
22	21731331	C	CA	ENSG00000100027	intron_variant,non_coding_transcript_variant	3.211
22	21731331	C	CA	ENSG00000100027	intron_variant	3.211
22	21731331	C	CAA	ENSG00000100027	intron_variant	3.045
22	21731331	C	CAA	ENSG00000100027	intron_variant,non_coding_transcript_variant	3.045
22	21731331	CA	C	ENSG00000100027	intron_variant	2.433
22	21731331	CA	C	ENSG00000100027	intron_variant,non_coding_transcript_variant	2.433
22	21731331	CAA	C	ENSG00000100027	intron_variant	5.733
22	21731331	CAA	C	ENSG00000100027	intron_variant,non_coding_transcript_variant	5.733
22	21791443	A	AACAT	ENSG00000100030	intron_variant	0.555
22	21791443	A	AACAT	ENSG00000200985	upstream_gene_variant	0.555
22	21850132	T	TA	ENSG00000100030	intron_variant	0.836
22	22045106	GAGA	G	ENSG00000197549	upstream_gene_variant	6.895
22	22045106	GAGA	G	ENSG00000253794	downstream_gene_variant	6.895
22	22045106	GAGA	G	ENSG00000228161	upstream_gene_variant	6.895
22	22092661	ATAAAT	A	ENSG00000275361	downstream_gene_variant	18.03
22	22325064	CCT	C	ENSG00000236850	downstream_gene_variant	5.985
22	22325064	CCT	C	ENSG00000211644	downstream_gene_variant	5.985
22	22325064	CCT	C	ENSG00000211645	upstream_gene_variant	5.985
22	22336924	T	TAAAC	ENSG00000225724	upstream_gene_variant	0.569
22	22336924	T	TAAACAAAC	ENSG00000225724	upstream_gene_variant	0.401
22	22336924	TAAAC	T	ENSG00000225724	upstream_gene_variant	7.226
22	23169707	GC	G	.	.	1.802
22	23206828	AT	A	ENSG00000186716	intron_variant,non_coding_transcript_variant	2.075
22	23206828	AT	A	ENSG00000186716	intron_variant	2.075
22	23644286	C	CT	ENSG00000244723	downstream_gene_variant	4.694
22	23644286	C	CT	ENSG00000228315	intron_variant,non_coding_transcript_variant	4.694
22	23644286	C	CT	ENSG00000234353	upstream_gene_variant	4.694
22	23644286	C	CTT	ENSG00000244723	downstream_gene_variant	4.524
22	23644286	C	CTT	ENSG00000228315	intron_variant,non_coding_transcript_variant	4.524
22	23644286	C	CTT	ENSG00000234353	upstream_gene_variant	4.524
22	23644286	CT	C	ENSG00000234353	upstream_gene_variant	5.229
22	23644286	CT	C	ENSG00000228315	intron_variant,non_coding_transcript_variant	5.229
22	23644286	CT	C	ENSG00000244723	downstream_gene_variant	5.229
22	23644286	CTT	C	ENSG00000244723	downstream_gene_variant	5.061
22	23644286	CTT	C	ENSG00000234353	upstream_gene_variant	5.061
22	23644286	CTT	C	ENSG00000228315	intron_variant,non_coding_transcript_variant	5.061
22	23796388	C	CA	ENSG00000099956	intron_variant	5.060
22	23796388	C	CA	ENSG00000099956	intron_variant,non_coding_transcript_variant	5.060
22	23796388	C	CAG	ENSG00000099956	intron_variant	4.894
22	23796388	C	CAG	ENSG00000099956	intron_variant,non_coding_transcript_variant	4.894
22	23821411	A	ATTTC	ENSG00000099956	intron_variant	0.547
22	23821411	A	ATTTC	ENSG00000099956	intron_variant,non_coding_transcript_variant	0.547
22	23873332	C	CGCGT	ENSG00000133460	intron_variant	1.327
22	23873332	C	CGCGT	ENSG00000133460	intron_variant,non_coding_transcript_variant	1.327
22	23873332	C	CGCGT	ENSG00000133460	intron_variant,NMD_transcript_variant	1.327
22	23873332	C	CGCGT	ENSG00000133460	upstream_gene_variant	1.327
22	23873332	C	CGCGT	ENSG00000251357	intron_variant	1.327
22	23873332	C	CGCGT	ENSG00000279467	upstream_gene_variant	1.327
22	23873332	C	CGCGT	ENSG00000133460	downstream_gene_variant	1.327
22	23873332	C	CGCGTGTGT	ENSG00000133460	upstream_gene_variant	0.967
22	23873332	C	CGCGTGTGT	ENSG00000133460	intron_variant,non_coding_transcript_variant	0.967
22	23873332	C	CGCGTGTGT	ENSG00000279467	upstream_gene_variant	0.967
22	23873332	C	CGCGTGTGT	ENSG00000133460	intron_variant,NMD_transcript_variant	0.967
22	23873332	C	CGCGTGTGT	ENSG00000133460	intron_variant	0.967
22	23873332	C	CGCGTGTGT	ENSG00000133460	downstream_gene_variant	0.967
22	23873332	C	CGCGTGTGT	ENSG00000251357	intron_variant	0.967
22	23896422	TG	T	ENSG00000240972	downstream_gene_variant	0.603
22	23896422	TG	T	ENSG00000251357	downstream_gene_variant	0.603
22	23896422	TG	T	ENSG00000218537	intron_variant,non_coding_transcript_variant	0.603
22	23949784	GTTCCTGTCCGCCGCCCCCAACCAGCCA	G	ENSG00000231271	upstream_gene_variant	1.349
22	24592128	CG	C	ENSG00000178026	intron_variant,NMD_transcript_variant	4.113
22	24592128	CG	C	ENSG00000178026	intron_variant	4.113
22	24592128	CG	C	ENSG00000100031	upstream_gene_variant	4.113
22	24592128	CG	C	ENSG00000178026	intron_variant,non_coding_transcript_variant	4.113
22	24592128	CG	C	ENSG00000100031	intron_variant	4.113
22	24592128	CG	C	ENSG00000100028	intron_variant,NMD_transcript_variant	4.113
22	25417447	T	TAC	.	.	7.953
22	25462454	CG	C	ENSG00000100058	downstream_gene_variant	5.174
22	25462454	CG	C	ENSG00000100058	intron_variant,non_coding_transcript_variant	5.174
22	25986336	TGATAAA	T	ENSG00000133454	intron_variant	8.564
22	25986336	TGATAAA	T	ENSG00000232464	upstream_gene_variant	8.564
22	25986336	TGATAAA	T	ENSG00000133454	intron_variant,non_coding_transcript_variant	8.564
22	25986336	TGATAAA	T	ENSG00000133454	intron_variant,NMD_transcript_variant	8.564
22	26088564	C	CAA	.	intergenic_variant	1.022
22	26088564	C	CAAAA	.	intergenic_variant	0.871
22	26088564	C	CACAA	.	intergenic_variant	0.871
22	26088564	C	CACACAA	.	intergenic_variant	0.740
22	26088564	C	CACACACAA	.	intergenic_variant	0.626
22	26088564	C	CACACACACAA	.	intergenic_variant	0.527
22	26088564	C	CACACACACACAA	.	intergenic_variant	0.443
22	26088564	C	CACACACACACACAA	.	intergenic_variant	0.370
22	26088564	C	CACACACACACACACAA	.	intergenic_variant	0.309
22	26792393	TC	T	.	.	1.986
22	27192465	G	GAA	.	.	4.787
22	27387598	A	AC	.	intergenic_variant	0.547
22	27387598	AC	A	.	intergenic_variant	0.901
22	27631046	C	CG	.	intergenic_variant	2.688
22	27631046	C	CGG	.	intergenic_variant	2.533
22	27631046	CG	C	.	intergenic_variant	1.876
22	28036771	G	GC	ENSG00000100154	intron_variant	0.962
22	28371554	G	GC	ENSG00000100154	intron_variant,non_coding_transcript_variant	9.977
22	28371554	G	GC	ENSG00000100154	intron_variant	9.977
22	28533548	G	GA	ENSG00000100154	intron_variant	0.652
22	28533548	GA	G	ENSG00000100154	intron_variant	0.254
22	28818806	CT	C	ENSG00000226471	intron_variant,non_coding_transcript_variant	15.42
22	28818806	CT	C	ENSG00000272858	downstream_gene_variant	15.42
22	28848998	G	GT	ENSG00000226471	downstream_gene_variant	0.810
22	28848998	G	GTT	ENSG00000226471	downstream_gene_variant	0.746
22	28848998	GT	G	ENSG00000226471	downstream_gene_variant	1.597
22	28848998	GTT	G	ENSG00000226471	downstream_gene_variant	1.470
22	28848998	GTTTTTTTTT	G	ENSG00000226471	downstream_gene_variant	1.236
22	29052446	GC	G	ENSG00000183579	intron_variant	7.736
22	29670005	C	CT	ENSG00000186575	intron_variant	2.721
22	29670005	C	CT	ENSG00000186575	intron_variant,NMD_transcript_variant	2.721
22	29670005	CT	C	ENSG00000186575	intron_variant	1.932
22	29670005	CT	C	ENSG00000186575	intron_variant,NMD_transcript_variant	1.932
22	30389679	G	GTA	ENSG00000099999	upstream_gene_variant	1.367
22	30389679	G	GTA	ENSG00000099999	intron_variant	1.367
22	30833794	C	CT	ENSG00000184792	intron_variant	5.088
22	30833794	C	CT	ENSG00000184792	intron_variant,non_coding_transcript_variant	5.088
22	30858879	C	CAAT	ENSG00000184792	intron_variant	2.853
22	30858879	C	CAAT	ENSG00000184792	intron_variant,non_coding_transcript_variant	2.853
22	30858879	C	CAATAAT	ENSG00000184792	intron_variant	2.390
22	30858879	C	CAATAAT	ENSG00000184792	intron_variant,non_coding_transcript_variant	2.390
22	30858879	C	CAATAATAAT	ENSG00000184792	intron_variant	1.971
22	30858879	C	CAATAATAAT	ENSG00000184792	intron_variant,non_coding_transcript_variant	1.971
22	30858879	C	CAATAATAATAAT	ENSG00000184792	intron_variant,non_coding_transcript_variant	1.604
22	30858879	C	CAATAATAATAAT	ENSG00000184792	intron_variant	1.604
22	30858879	C	CAATAATAATAATAAT	ENSG00000184792	intron_variant	1.291
22	30858879	C	CAATAATAATAATAAT	ENSG00000184792	intron_variant,non_coding_transcript_variant	1.291
22	30858879	C	CAATAATAATAATAATAAT	ENSG00000184792	intron_variant	1.027
22	30858879	C	CAATAATAATAATAATAAT	ENSG00000184792	intron_variant,non_coding_transcript_variant	1.027
22	30858879	C	CAATAATAATAATAATAATAAT	ENSG00000184792	intron_variant	0.808
22	30858879	C	CAATAATAATAATAATAATAAT	ENSG00000184792	intron_variant,non_coding_transcript_variant	0.808
22	30858879	C	CAATAATAATAATAATAATAATAAT	ENSG00000184792	intron_variant	0.629
22	30858879	C	CAATAATAATAATAATAATAATAAT	ENSG00000184792	intron_variant,non_coding_transcript_variant	0.629
22	30858879	C	CAATAATAATAATAATAATAATAATAAT	ENSG00000184792	intron_variant	0.486
22	30858879	C	CAATAATAATAATAATAATAATAATAAT	ENSG00000184792	intron_variant,non_coding_transcript_variant	0.486
22	30858879	C	CAATAATAATAATAATAATAATAATAATAATAAT	ENSG00000184792	intron_variant	0.284
22	30858879	C	CAATAATAATAATAATAATAATAATAATAATAAT	ENSG00000184792	intron_variant,non_coding_transcript_variant	0.284
22	30858879	C	CAATAATAATATAAT	ENSG00000184792	intron_variant	1.390
22	30858879	C	CAATAATAATATAAT	ENSG00000184792	intron_variant,non_coding_transcript_variant	1.390
22	30858879	C	CT	ENSG00000184792	intron_variant,non_coding_transcript_variant	3.181
22	30858879	C	CT	ENSG00000184792	intron_variant	3.181
22	30858879	CAA	C	ENSG00000184792	intron_variant,non_coding_transcript_variant	4.355
22	30858879	CAA	C	ENSG00000184792	intron_variant	4.355
22	30858879	CAAT	C	ENSG00000184792	intron_variant	4.075
22	30858879	CAAT	C	ENSG00000184792	intron_variant,non_coding_transcript_variant	4.075
22	30858879	CAATAAT	C	ENSG00000184792	intron_variant	6.042
22	30858879	CAATAAT	C	ENSG00000184792	intron_variant,non_coding_transcript_variant	6.042
22	30858879	CAATAATAAT	C	ENSG00000184792	intron_variant	5.580
22	30858879	CAATAATAAT	C	ENSG00000184792	intron_variant,non_coding_transcript_variant	5.580
22	30858879	CAATAATAATAAT	C	ENSG00000184792	intron_variant,non_coding_transcript_variant	5.098
22	30858879	CAATAATAATAAT	C	ENSG00000184792	intron_variant	5.098
22	30858879	CAATAATAATAATAAT	C	ENSG00000184792	intron_variant	4.593
22	30858879	CAATAATAATAATAAT	C	ENSG00000184792	intron_variant,non_coding_transcript_variant	4.593
22	30858879	CAATAATAATAATAATAAT	C	ENSG00000184792	intron_variant,non_coding_transcript_variant	4.075
22	30858879	CAATAATAATAATAATAAT	C	ENSG00000184792	intron_variant	4.075
22	31412352	C	CT	ENSG00000185721	intron_variant	2.752
22	31412352	C	CT	ENSG00000185721	intron_variant,non_coding_transcript_variant	2.752
22	31412352	C	CT	ENSG00000185721	intron_variant,NMD_transcript_variant	2.752
22	31412352	C	CT	ENSG00000185721	downstream_gene_variant	2.752
22	31412352	C	CTT	ENSG00000185721	intron_variant,NMD_transcript_variant	2.596
22	31412352	C	CTT	ENSG00000185721	downstream_gene_variant	2.596
22	31412352	C	CTT	ENSG00000185721	intron_variant	2.596
22	31412352	C	CTT	ENSG00000185721	intron_variant,non_coding_transcript_variant	2.596
22	31412352	CT	C	ENSG00000185721	intron_variant,NMD_transcript_variant	1.873
22	31412352	CT	C	ENSG00000185721	downstream_gene_variant	1.873
22	31412352	CT	C	ENSG00000185721	intron_variant,non_coding_transcript_variant	1.873
22	31412352	CT	C	ENSG00000185721	intron_variant	1.873
22	31412352	CTTTTTTT	C	ENSG00000185721	downstream_gene_variant	3.427
22	31412352	CTTTTTTT	C	ENSG00000185721	intron_variant,NMD_transcript_variant	3.427
22	31412352	CTTTTTTT	C	ENSG00000185721	intron_variant,non_coding_transcript_variant	3.427
22	31412352	CTTTTTTT	C	ENSG00000185721	intron_variant	3.427
22	31412352	CTTTTTTTTTTT	C	ENSG00000185721	downstream_gene_variant	3.690
22	31412352	CTTTTTTTTTTT	C	ENSG00000185721	intron_variant,NMD_transcript_variant	3.690
22	31412352	CTTTTTTTTTTT	C	ENSG00000185721	intron_variant,non_coding_transcript_variant	3.690
22	31412352	CTTTTTTTTTTT	C	ENSG00000185721	intron_variant	3.690
22	31508276	CTT	C	ENSG00000198089	5_prime_UTR_variant	6.297
22	31508276	CTT	C	ENSG00000198089	upstream_gene_variant	6.297
22	31508276	CTT	C	ENSG00000185721	3_prime_UTR_variant,NMD_transcript_variant	6.297
22	31508276	CTT	C	ENSG00000198089	5_prime_UTR_variant,NMD_transcript_variant	6.297
22	31508276	CTT	C	ENSG00000198089	non_coding_transcript_exon_variant,non_coding_transcript_variant	6.297
22	31733904	C	CA	ENSG00000183530	intron_variant,non_coding_transcript_variant	4.255
22	31733904	C	CA	ENSG00000183530	intron_variant	4.255
22	31733904	C	CCA	ENSG00000183530	intron_variant	4.082
22	31733904	C	CCA	ENSG00000183530	intron_variant,non_coding_transcript_variant	4.082
22	31733904	C	CCACA	ENSG00000183530	intron_variant,non_coding_transcript_variant	3.735
22	31733904	C	CCACA	ENSG00000183530	intron_variant	3.735
22	31733904	C	CCACACA	ENSG00000183530	intron_variant	3.393
22	31733904	C	CCACACA	ENSG00000183530	intron_variant,non_coding_transcript_variant	3.393
22	31733904	C	CCACACACACA	ENSG00000183530	intron_variant	2.735
22	31733904	C	CCACACACACA	ENSG00000183530	intron_variant,non_coding_transcript_variant	2.735
22	31733904	CCA	C	ENSG00000183530	intron_variant	5.357
22	31733904	CCA	C	ENSG00000183530	intron_variant,non_coding_transcript_variant	5.357
22	31733904	CCACA	C	ENSG00000183530	intron_variant	5.495
22	31733904	CCACA	C	ENSG00000183530	intron_variant,non_coding_transcript_variant	5.495
22	32060068	T	TACACAC	ENSG00000100170	intron_variant	0.401
22	32098540	ATACCTTGTTCCCATACT	A	ENSG00000100170	intron_variant	7.718
22	32098540	ATACCTTGTTCCCATACT	A	ENSG00000100170	intron_variant,non_coding_transcript_variant	7.718
22	32249909	A	AT	ENSG00000100191	intron_variant	0.277
22	32249909	A	AT	ENSG00000242082	intron_variant,non_coding_transcript_variant	0.277
22	32249909	AT	A	ENSG00000100191	intron_variant	2.278
22	32249909	AT	A	ENSG00000242082	intron_variant,non_coding_transcript_variant	2.278
22	32249909	ATT	A	ENSG00000100191	intron_variant	1.105
22	32249909	ATT	A	ENSG00000242082	intron_variant,non_coding_transcript_variant	1.105
22	32788242	T	TA	ENSG00000185666	intron_variant	0.036
22	32788242	T	TA	ENSG00000185666	intron_variant,non_coding_transcript_variant	0.036
22	32788242	T	TA	ENSG00000229673	downstream_gene_variant	0.036
22	32788242	T	TAA	ENSG00000229673	downstream_gene_variant	0.033
22	32788242	T	TAA	ENSG00000185666	intron_variant	0.033
22	32788242	T	TAA	ENSG00000185666	intron_variant,non_coding_transcript_variant	0.033
22	32788242	TA	T	ENSG00000185666	intron_variant,non_coding_transcript_variant	0.446
22	32788242	TA	T	ENSG00000185666	intron_variant	0.446
22	32788242	TA	T	ENSG00000229673	downstream_gene_variant	0.446
22	32800205	CCT	C	ENSG00000185666	intron_variant,non_coding_transcript_variant	4.044
22	32800205	CCT	C	ENSG00000100234	upstream_gene_variant	4.044
22	32800205	CCT	C	ENSG00000185666	intron_variant	4.044
22	32952299	G	GGT	ENSG00000185666	upstream_gene_variant	5.660
22	32952299	G	GGT	ENSG00000185666	intron_variant	5.660
22	32952299	G	GT	ENSG00000185666	intron_variant	5.816
22	32952299	G	GT	ENSG00000185666	upstream_gene_variant	5.816
22	32952299	GGT	G	ENSG00000185666	upstream_gene_variant	8.198
22	32952299	GGT	G	ENSG00000185666	intron_variant	8.198
22	32952299	GGTGT	G	ENSG00000185666	intron_variant	10.00
22	32952299	GGTGT	G	ENSG00000185666	upstream_gene_variant	10.00
22	33135878	A	AAAAT	ENSG00000233632	upstream_gene_variant	0.010
22	33275652	CATT	C	ENSG00000133424	intron_variant	4.963
22	33430929	GC	G	ENSG00000133424	intron_variant	1.832
22	33985520	C	CCGTTTGCGAA	.	intergenic_variant	14.05
22	33985520	C	CTGTTTGCGAA	.	intergenic_variant	14.05
22	34309259	AC	A	.	intergenic_variant	5.809
22	34500217	TAC	T	.	intergenic_variant	2.261
22	34500217	TACAC	T	.	intergenic_variant	1.928
22	34525117	C	CA	.	intergenic_variant	0.119
22	34525117	C	CCG	.	intergenic_variant	0.109
22	34525117	C	CG	.	intergenic_variant	0.118
22	35010681	C	CA	.	intergenic_variant	2.958
22	35172481	C	CTTAAGCAGACA	ENSG00000279184	non_coding_transcript_exon_variant,non_coding_transcript_variant	3.592
22	35172481	C	CTTAAGCAGACA	ENSG00000233080	intron_variant,non_coding_transcript_variant	3.592
22	36089046	C	CT	ENSG00000279714	upstream_gene_variant	3.676
22	36089046	C	CT	ENSG00000279217	downstream_gene_variant	3.676
22	36089046	C	CTT	ENSG00000279217	downstream_gene_variant	3.504
22	36089046	C	CTT	ENSG00000279714	upstream_gene_variant	3.504
22	36089046	CT	C	ENSG00000279714	upstream_gene_variant	3.029
22	36089046	CT	C	ENSG00000279217	downstream_gene_variant	3.029
22	36208142	G	GA	ENSG00000100336	upstream_gene_variant	1.002
22	36208142	GA	G	ENSG00000100336	upstream_gene_variant	0.214
22	36509361	T	TA	ENSG00000100353	downstream_gene_variant	0.304
22	36509361	T	TA	ENSG00000100350	upstream_gene_variant	0.304
22	36509361	TA	T	ENSG00000100353	downstream_gene_variant	3.815
22	36509361	TA	T	ENSG00000100350	upstream_gene_variant	3.815
22	36929089	GC	G	ENSG00000100368	intron_variant	2.870
22	37049134	AGGCTGGTCTCGAACTTCT	A	ENSG00000100379	upstream_gene_variant	1.880
22	37078957	G	GAA	ENSG00000187045	downstream_gene_variant	0.253
22	37078957	G	GAA	ENSG00000231467	upstream_gene_variant	0.253
22	37078957	G	GAA	ENSG00000187045	intron_variant	0.253
22	37078957	G	GAAAGAA	ENSG00000187045	downstream_gene_variant	0.175
22	37078957	G	GAAAGAA	ENSG00000187045	intron_variant	0.175
22	37078957	G	GAAAGAA	ENSG00000231467	upstream_gene_variant	0.175
22	37078957	G	GAAAGAAAGAA	ENSG00000187045	downstream_gene_variant	0.122
22	37078957	G	GAAAGAAAGAA	ENSG00000231467	upstream_gene_variant	0.122
22	37078957	G	GAAAGAAAGAA	ENSG00000187045	intron_variant	0.122
22	37078957	G	GAAAGAAAGAAAGAA	ENSG00000187045	intron_variant	0.085
22	37078957	G	GAAAGAAAGAAAGAA	ENSG00000187045	downstream_gene_variant	0.085
22	37078957	G	GAAAGAAAGAAAGAA	ENSG00000231467	upstream_gene_variant	0.085
22	37078957	G	GAAAGAAAGAAAGAAAA	ENSG00000187045	downstream_gene_variant	0.072
22	37078957	G	GAAAGAAAGAAAGAAAA	ENSG00000187045	intron_variant	0.072
22	37078957	G	GAAAGAAAGAAAGAAAA	ENSG00000231467	upstream_gene_variant	0.072
22	37078957	G	GAAAGAAAGGA	ENSG00000187045	downstream_gene_variant	0.122
22	37078957	G	GAAAGAAAGGA	ENSG00000231467	upstream_gene_variant	0.122
22	37078957	G	GAAAGAAAGGA	ENSG00000187045	intron_variant	0.122
22	37078957	G	GAAAGAAAGGAAGAA	ENSG00000187045	downstream_gene_variant	0.085
22	37078957	G	GAAAGAAAGGAAGAA	ENSG00000231467	upstream_gene_variant	0.085
22	37078957	G	GAAAGAAAGGAAGAA	ENSG00000187045	intron_variant	0.085
22	37078957	G	GAAAGAGAA	ENSG00000187045	downstream_gene_variant	0.146
22	37078957	G	GAAAGAGAA	ENSG00000187045	intron_variant	0.146
22	37078957	G	GAAAGAGAA	ENSG00000231467	upstream_gene_variant	0.146
22	37078957	G	GAAAGAGAAAGAA	ENSG00000187045	downstream_gene_variant	0.102
22	37078957	G	GAAAGAGAAAGAA	ENSG00000187045	intron_variant	0.102
22	37078957	G	GAAAGAGAAAGAA	ENSG00000231467	upstream_gene_variant	0.102
22	37078957	G	GAGAAAGAAAGAAAA	ENSG00000187045	intron_variant	0.085
22	37078957	G	GAGAAAGAAAGAAAA	ENSG00000187045	downstream_gene_variant	0.085
22	37078957	G	GAGAAAGAAAGAAAA	ENSG00000231467	upstream_gene_variant	0.085
22	37078957	G	GAGAAAGAAAGAAAAAGAA	ENSG00000187045	downstream_gene_variant	0.061
22	37078957	G	GAGAAAGAAAGAAAAAGAA	ENSG00000187045	intron_variant	0.061
22	37078957	G	GAGAAAGAAAGAAAAAGAA	ENSG00000231467	upstream_gene_variant	0.061
22	37078957	G	GGAA	ENSG00000187045	downstream_gene_variant	0.231
22	37078957	G	GGAA	ENSG00000187045	intron_variant	0.231
22	37078957	G	GGAA	ENSG00000231467	upstream_gene_variant	0.231
22	37078957	G	GGAA	ENSG00000187045	downstream_gene_variant	0.231
22	37078957	G	GGAA	ENSG00000187045	intron_variant	0.231
22	37078957	G	GGAA	ENSG00000231467	upstream_gene_variant	0.231
22	37078957	GAGAA	G	ENSG00000187045	downstream_gene_variant	2.375
22	37078957	GAGAA	G	ENSG00000187045	intron_variant	2.375
22	37078957	GAGAA	G	ENSG00000231467	upstream_gene_variant	2.375
22	37078957	GAGAAAGAAAGAAAGAA	G	ENSG00000187045	downstream_gene_variant	1.074
22	37078957	GAGAAAGAAAGAAAGAA	G	ENSG00000187045	intron_variant	1.074
22	37078957	GAGAAAGAAAGAAAGAA	G	ENSG00000231467	upstream_gene_variant	1.074
22	37462873	C	CAG	.	intergenic_variant	4.787
22	37513113	TTTG	T	ENSG00000100065	upstream_gene_variant	3.240
22	37513113	TTTG	T	ENSG00000100065	intron_variant,non_coding_transcript_variant	3.240
22	37513113	TTTG	T	ENSG00000100065	intron_variant	3.240
22	37612308	C	CA	ENSG00000100083	intron_variant	0.976
22	37612308	C	CA	ENSG00000100083	intron_variant,non_coding_transcript_variant	0.976
22	37612308	C	CA	ENSG00000100083	upstream_gene_variant	0.976
22	37612308	C	CAA	ENSG00000100083	intron_variant	0.901
22	37612308	C	CAA	ENSG00000100083	intron_variant,non_coding_transcript_variant	0.901
22	37612308	C	CAA	ENSG00000100083	upstream_gene_variant	0.901
22	37612308	CA	C	ENSG00000100083	upstream_gene_variant	4.986
22	37612308	CA	C	ENSG00000100083	intron_variant	4.986
22	37612308	CA	C	ENSG00000100083	intron_variant,non_coding_transcript_variant	4.986
22	37612308	CAAA	C	ENSG00000100083	intron_variant	4.651
22	37612308	CAAA	C	ENSG00000100083	intron_variant,non_coding_transcript_variant	4.651
22	37612308	CAAA	C	ENSG00000100083	upstream_gene_variant	4.651
22	37612308	CAAAAA	C	ENSG00000100083	intron_variant,non_coding_transcript_variant	4.310
22	37612308	CAAAAA	C	ENSG00000100083	intron_variant	4.310
22	37612308	CAAAAA	C	ENSG00000100083	upstream_gene_variant	4.310
22	37657873	C	CA	ENSG00000233360	intron_variant,non_coding_transcript_variant	7.123
22	37657873	C	CA	ENSG00000241360	upstream_gene_variant	7.123
22	37657873	C	CA	ENSG00000100092	downstream_gene_variant	7.123
22	37657873	C	CA	ENSG00000100092	intron_variant,NMD_transcript_variant	7.123
22	38516578	CATTTATAGGATAGT	C	ENSG00000100206	downstream_gene_variant	7.220
22	38554443	G	GA	ENSG00000100206	intron_variant	10.89
22	38554443	G	GA	ENSG00000100206	intron_variant,non_coding_transcript_variant	10.89
22	38554443	G	GAA	ENSG00000100206	intron_variant	10.80
22	38554443	G	GAA	ENSG00000100206	intron_variant,non_coding_transcript_variant	10.80
22	38554443	GA	G	ENSG00000100206	intron_variant	8.044
22	38554443	GA	G	ENSG00000100206	intron_variant,non_coding_transcript_variant	8.044
22	38554443	GAA	G	ENSG00000100206	intron_variant	8.938
22	38554443	GAA	G	ENSG00000100206	intron_variant,non_coding_transcript_variant	8.938
22	38554443	GAAAAA	G	ENSG00000100206	intron_variant	8.756
22	38554443	GAAAAA	G	ENSG00000100206	intron_variant,non_coding_transcript_variant	8.756
22	38853082	AGAT	A	.	intergenic_variant	5.402
22	39145273	GCCGCGCCGCA	G	ENSG00000100307	intron_variant,non_coding_transcript_variant	11.27
22	39145273	GCCGCGCCGCA	G	ENSG00000100307	downstream_gene_variant	11.27
22	39145273	GCCGCGCCGCA	G	ENSG00000100307	intron_variant	11.27
22	39281876	AATAGGAAACTG	A	.	intergenic_variant	5.246
22	39391076	C	CA	.	intergenic_variant	0.272
22	39391076	CA	C	.	intergenic_variant	1.747
22	39391076	CAA	C	.	intergenic_variant	4.983
22	40386036	T	TG	ENSG00000100359	intron_variant	0.328
22	40386036	T	TG	ENSG00000279624	intron_variant	0.328
22	40386036	T	TG	ENSG00000229999	intron_variant,non_coding_transcript_variant	0.328
22	40386036	T	TG	ENSG00000279624	intron_variant,NMD_transcript_variant	0.328
22	40386036	T	TG	ENSG00000100359	intron_variant,non_coding_transcript_variant	0.328
22	40386036	TG	T	ENSG00000279624	intron_variant,NMD_transcript_variant	0.238
22	40386036	TG	T	ENSG00000229999	intron_variant,non_coding_transcript_variant	0.238
22	40386036	TG	T	ENSG00000100359	intron_variant	0.238
22	40386036	TG	T	ENSG00000100359	intron_variant,non_coding_transcript_variant	0.238
22	40386036	TG	T	ENSG00000279624	intron_variant	0.238
22	40432687	G	GA	ENSG00000196588	intron_variant	0.612
22	40432687	G	GA	ENSG00000227413	upstream_gene_variant	0.612
22	40432687	GA	G	ENSG00000196588	intron_variant	0.162
22	40432687	GA	G	ENSG00000227413	upstream_gene_variant	0.162
22	40432687	GAA	G	ENSG00000196588	intron_variant	0.183
22	40432687	GAA	G	ENSG00000227413	upstream_gene_variant	0.183
22	40432687	GAAAA	G	ENSG00000196588	intron_variant	0.284
22	40432687	GAAAA	G	ENSG00000227413	upstream_gene_variant	0.284
22	40694240	A	AT	.	intergenic_variant	0.417
22	40694240	A	ATT	.	intergenic_variant	0.381
22	40694240	AT	A	.	intergenic_variant	0.676
22	40773270	C	CGTG	ENSG00000100372	downstream_gene_variant	3.368
22	40773270	C	CGTG	ENSG00000100372	intron_variant,non_coding_transcript_variant	3.368
22	40773270	C	CGTG	ENSG00000100372	intron_variant	3.368
22	40773270	C	CGTG	ENSG00000100372	intron_variant,NMD_transcript_variant	3.368
22	42019037	A	AC	ENSG00000183066	intron_variant	0.147
22	42019037	A	AC	ENSG00000183066	intron_variant,NMD_transcript_variant	0.147
22	42019037	A	AC	ENSG00000183066	intron_variant,non_coding_transcript_variant	0.147
22	42019037	A	AC	ENSG00000183066	upstream_gene_variant	0.147
22	42279609	A	ACAGGGCT	ENSG00000182057	downstream_gene_variant	0.936
22	42279609	A	ACAGGGCT	ENSG00000273366	downstream_gene_variant	0.936
22	42279609	A	ACAGGGCT	ENSG00000233903	downstream_gene_variant	0.936
22	42279609	A	ACAGGGCT	ENSG00000100207	intron_variant	0.936
22	42313597	C	CT	ENSG00000100207	intron_variant	2.722
22	42313597	C	CTT	ENSG00000100207	intron_variant	2.567
22	42313597	C	CTTT	ENSG00000100207	intron_variant	2.416
22	42313597	C	CTTTCT	ENSG00000100207	intron_variant	2.129
22	42313597	C	CTTTCTT	ENSG00000100207	intron_variant	1.994
22	42313597	CT	C	ENSG00000100207	intron_variant	1.004
22	42313597	CTTTTTTTTTTT	C	ENSG00000100207	intron_variant	2.584
22	42750152	TCC	T	.	intergenic_variant	3.019
22	42857906	CT	C	ENSG00000242247	upstream_gene_variant	0.346
22	42857906	CT	C	ENSG00000226989	upstream_gene_variant	0.346
22	42857906	CT	C	ENSG00000100266	intron_variant,NMD_transcript_variant	0.346
22	42857906	CT	C	ENSG00000242247	5_prime_UTR_variant	0.346
22	42865288	T	TGAC	ENSG00000100266	downstream_gene_variant	2.167
22	42865288	T	TGAC	ENSG00000100266	intron_variant,NMD_transcript_variant	2.167
22	42865288	TGAC	T	ENSG00000100266	downstream_gene_variant	4.893
22	42865288	TGAC	T	ENSG00000100266	intron_variant,NMD_transcript_variant	4.893
22	43338548	CAG	C	ENSG00000159307	intron_variant	5.326
22	43341081	G	GCA	ENSG00000159307	intron_variant	13.42
22	43341081	G	GCACA	ENSG00000159307	intron_variant	13.25
22	43341081	GCA	G	ENSG00000159307	intron_variant	15.87
22	43341081	GCACA	G	ENSG00000159307	intron_variant	16.05
22	43341081	GCACACA	G	ENSG00000159307	intron_variant	16.00
22	43793895	TG	T	ENSG00000186976	intron_variant,non_coding_transcript_variant	3.228
22	43793895	TG	T	ENSG00000186976	intron_variant	3.228
22	44029922	GA	G	ENSG00000188677	upstream_gene_variant	0.009
22	44029922	GA	G	ENSG00000188677	intron_variant,non_coding_transcript_variant	0.009
22	44029922	GA	G	ENSG00000188677	intron_variant	0.009
22	44029922	GAAAAGA	G	ENSG00000188677	intron_variant	0.342
22	44029922	GAAAAGA	G	ENSG00000188677	intron_variant,non_coding_transcript_variant	0.342
22	44029922	GAAAAGA	G	ENSG00000188677	upstream_gene_variant	0.342
22	44197000	GGTGCACAGTAGCAGACCGGCTGCCAGCCC	G	ENSG00000138964	intron_variant,non_coding_transcript_variant	3.676
22	44197000	GGTGCACAGTAGCAGACCGGCTGCCAGCCC	G	ENSG00000138964	intron_variant	3.676
22	44197000	GGTGCACAGTAGCAGACCGGCTGCCAGCCC	G	ENSG00000138964	intron_variant,NMD_transcript_variant	3.676
22	44240501	CTTAT	C	ENSG00000138944	downstream_gene_variant	3.700
22	44240517	TTTC	T	ENSG00000138944	downstream_gene_variant	1.128
22	44245347	CT	C	ENSG00000138944	3_prime_UTR_variant	3.752
22	44533251	G	GT	.	.	0.485
22	44533251	G	GTT	.	.	0.444
22	44636593	A	AGATG	.	intergenic_variant	0.087
22	44636593	A	AGATGGATG	.	intergenic_variant	0.061
22	44636593	A	AGATGGATGGATG	.	intergenic_variant	0.044
22	44636593	AGATG	A	.	intergenic_variant	1.496
22	44636593	AGATGGATG	A	.	intergenic_variant	1.424
22	44636593	AGATGGATGGATG	A	.	intergenic_variant	1.093
22	44636593	AGATGGATGGATGGATG	A	.	intergenic_variant	0.812
22	44636593	AGATGGATGGATGGATGGATG	A	.	intergenic_variant	0.594
22	44920548	TG	T	ENSG00000056487	intron_variant	2.740
22	44920548	TG	T	ENSG00000056487	intron_variant,non_coding_transcript_variant	2.740
22	45042919	C	CT	.	intergenic_variant	0.320
22	46039493	AAAAC	A	ENSG00000231711	downstream_gene_variant	1.655
22	46368380	CGAG	C	ENSG00000075275	upstream_gene_variant	3.995
22	46368380	CGAG	C	ENSG00000075275	downstream_gene_variant	3.995
22	46368380	CGAG	C	ENSG00000075275	intron_variant	3.995
22	46465685	AC	A	ENSG00000075275	intron_variant	0.514
22	47091157	CG	C	ENSG00000054611	intron_variant	7.332
22	47091157	CG	C	ENSG00000054611	intron_variant,NMD_transcript_variant	7.332
22	47132518	GC	G	ENSG00000054611	intron_variant	6.161
22	47132518	GC	G	ENSG00000054611	intron_variant,NMD_transcript_variant	6.161
22	47535814	G	GCCGAGGACACCAGGTGCTTGGCA	.	intergenic_variant	0.064
22	47535814	GCCGAGGACACCAGGTGCTTGGCA	G	.	intergenic_variant	0.427
22	47586631	A	AAG	.	intergenic_variant	0.279
22	47648098	CAT	C	ENSG00000224271	intron_variant,non_coding_transcript_variant	6.286
22	47651900	T	TATC	ENSG00000224271	intron_variant,non_coding_transcript_variant	0.850
22	47660439	CCTT	C	ENSG00000232897	downstream_gene_variant	3.535
22	47660439	CCTT	C	ENSG00000224271	intron_variant,non_coding_transcript_variant	3.535
22	47660439	CCTTCAT	C	ENSG00000232897	downstream_gene_variant	4.173
22	47660439	CCTTCAT	C	ENSG00000224271	intron_variant,non_coding_transcript_variant	4.173
22	48126238	C	CA	.	intergenic_variant	2.815
22	48126238	C	CAA	.	intergenic_variant	2.657
22	48126238	CA	C	.	intergenic_variant	4.248
22	48126238	CAA	C	.	intergenic_variant	4.135
22	48126238	CAAAAAAAAAA	C	.	intergenic_variant	3.020
22	48201002	TA	T	.	intergenic_variant	3.848
22	48395575	CCA	C	.	intergenic_variant	2.323
22	48584503	C	CCA	ENSG00000219438	intron_variant	4.108
22	48584503	C	CCA	ENSG00000219438	intron_variant,non_coding_transcript_variant	4.108
22	48584503	C	CCACA	ENSG00000219438	intron_variant	3.762
22	48584503	C	CCACA	ENSG00000219438	intron_variant,non_coding_transcript_variant	3.762
22	48584503	C	CCACACA	ENSG00000219438	intron_variant	3.418
22	48584503	C	CCACACA	ENSG00000219438	intron_variant,non_coding_transcript_variant	3.418
22	48584503	C	CCCCA	ENSG00000219438	intron_variant	3.762
22	48584503	C	CCCCA	ENSG00000219438	intron_variant,non_coding_transcript_variant	3.762
22	48584503	CCA	C	ENSG00000219438	intron_variant	5.280
22	48584503	CCA	C	ENSG00000219438	intron_variant,non_coding_transcript_variant	5.280
22	48584503	CCACA	C	ENSG00000219438	intron_variant	5.583
22	48584503	CCACA	C	ENSG00000219438	intron_variant,non_coding_transcript_variant	5.583
22	48584503	CCACACA	C	ENSG00000219438	intron_variant,non_coding_transcript_variant	5.263
22	48584503	CCACACA	C	ENSG00000219438	intron_variant	5.263
22	48584503	CCACACACA	C	ENSG00000219438	intron_variant	4.933
22	48584503	CCACACACA	C	ENSG00000219438	intron_variant,non_coding_transcript_variant	4.933
22	48584503	CCACACACACA	C	ENSG00000219438	intron_variant	4.520
22	48584503	CCACACACACA	C	ENSG00000219438	intron_variant,non_coding_transcript_variant	4.520
22	48734169	CAG	C	ENSG00000219438	intron_variant,non_coding_transcript_variant	5.699
22	48734169	CAG	C	ENSG00000219438	intron_variant	5.699
22	48734169	CAGAA	C	ENSG00000219438	intron_variant	6.644
22	48734169	CAGAA	C	ENSG00000219438	intron_variant,non_coding_transcript_variant	6.644
22	48948957	CT	C	.	intergenic_variant	1.496
22	48948957	CTCCCCACTCCAACCTCACT	C	.	intergenic_variant	0.376
22	49803938	C	CGGGCA	ENSG00000100425	intron_variant	1.312
22	49803938	C	CGGGCA	ENSG00000279345	upstream_gene_variant	1.312
22	49803938	C	CGGGCA	ENSG00000100425	intron_variant,NMD_transcript_variant	1.312
22	50089973	A	AC	ENSG00000100427	upstream_gene_variant	6.398
22	50089973	A	AC	ENSG00000073146	upstream_gene_variant	6.398
22	50089973	A	AC	ENSG00000073146	intron_variant	6.398
22	50089973	A	AC	ENSG00000280395	upstream_gene_variant	6.398
22	50089973	A	AT	ENSG00000280395	upstream_gene_variant	6.398
22	50089973	A	AT	ENSG00000100427	upstream_gene_variant	6.398
22	50089973	A	AT	ENSG00000073146	upstream_gene_variant	6.398
22	50089973	A	AT	ENSG00000073146	intron_variant	6.398
22	50190794	C	CCGG	ENSG00000170638	upstream_gene_variant	8.870
22	50190794	C	CCGG	ENSG00000170638	intron_variant	8.870
22	50190794	C	CCGG	ENSG00000273188	downstream_gene_variant	8.870
22	50190794	C	CCGG	ENSG00000170638	intron_variant,non_coding_transcript_variant	8.870
22	50261047	GA	G	ENSG00000185386	downstream_gene_variant	1.861
22	50261047	GA	G	ENSG00000188130	non_coding_transcript_exon_variant,non_coding_transcript_variant	1.861
22	50261047	GA	G	ENSG00000188130	intron_variant	1.861
22	50261047	GA	G	ENSG00000188130	upstream_gene_variant	1.861
22	50261047	GA	G	ENSG00000188130	intron_variant,non_coding_transcript_variant	1.861
22	50532187	TCAGCG	T	ENSG00000177989	upstream_gene_variant	11.21
22	50532187	TCAGCG	T	ENSG00000025708	upstream_gene_variant	11.21
22	50532187	TCAGCG	T	ENSG00000177989	intron_variant	11.21
22	50779541	T	TG	ENSG00000079974	intron_variant	2.613
22	50779541	T	TG	ENSG00000184319	upstream_gene_variant	2.613
22	50779541	T	TG	ENSG00000079974	intron_variant,NMD_transcript_variant	2.613
22	50779541	T	TG	ENSG00000079974	downstream_gene_variant	2.613
22	50779541	T	TG	ENSG00000079974	intron_variant,non_coding_transcript_variant	2.613
22	50779541	T	TG	ENSG00000079974	upstream_gene_variant	2.613
22	50779541	T	TG	ENSG00000184319	intron_variant,non_coding_transcript_variant	2.613
22	50779541	TG	T	ENSG00000184319	upstream_gene_variant	1.567
22	50779541	TG	T	ENSG00000079974	intron_variant	1.567
22	50779541	TG	T	ENSG00000079974	intron_variant,NMD_transcript_variant	1.567
22	50779541	TG	T	ENSG00000079974	intron_variant,non_coding_transcript_variant	1.567
22	50779541	TG	T	ENSG00000079974	downstream_gene_variant	1.567
22	50779541	TG	T	ENSG00000079974	upstream_gene_variant	1.567
22	50779541	TG	T	ENSG00000184319	intron_variant,non_coding_transcript_variant	1.567
